{"cameraMode":{"drawMode":0,"name":"Shaded","section":"Shading Mode"},"sceneLighting":false,"audioPlay":false,"sceneViewState":{"showFog":true,"showMaterialUpdate":false,"showSkybox":false,"showFlares":true,"showImageEffects":true,"showParticleSystems":true},"in2DMode":false,"pivot":{"x":9.018348693847657,"y":7.953782558441162,"z":-0.017941594123840333},"rotation":{"x":-0.04642105475068092,"y":-0.1670254021883011,"z":-0.007874547503888607,"w":0.9848299622535706},"size":1.6124521493911744,"orthographic":false}