{"cameraMode":{"drawMode":0,"name":"Shaded","section":"Shading Mode"},"sceneLighting":false,"audioPlay":false,"sceneViewState":{"showFog":true,"showMaterialUpdate":false,"showSkybox":false,"showFlares":true,"showImageEffects":true,"showParticleSystems":true},"in2DMode":false,"pivot":{"x":2.3700685501098635,"y":1.3985986709594727,"z":0.10766983032226563},"rotation":{"x":-0.2361503541469574,"y":0.35614830255508425,"z":-0.0935271680355072,"w":-0.8992502093315125},"size":18.914249420166017,"orthographic":false}