{"cameraMode":{"drawMode":0,"name":"Shaded","section":"Shading Mode"},"sceneLighting":false,"audioPlay":false,"sceneViewState":{"showFog":true,"showMaterialUpdate":false,"showSkybox":false,"showFlares":true,"showImageEffects":true,"showParticleSystems":true},"in2DMode":false,"pivot":{"x":1.5499159097671509,"y":-0.9540815353393555,"z":-3.4218320846557619},"rotation":{"x":-0.04642105475068092,"y":-0.1670254021883011,"z":-0.007874547503888607,"w":0.9848299622535706},"size":2.0668957233428957,"orthographic":false}