{"cameraMode":{"drawMode":0,"name":"Shaded","section":"Shading Mode"},"sceneLighting":false,"audioPlay":false,"sceneViewState":{"showFog":true,"showMaterialUpdate":false,"showSkybox":false,"showFlares":true,"showImageEffects":true,"showParticleSystems":true},"in2DMode":false,"pivot":{"x":2.810434341430664,"y":-2.353717565536499,"z":-3.90620756149292},"rotation":{"x":-0.40230560302734377,"y":0.32467108964920046,"z":-0.15515965223312379,"w":-0.841825008392334},"size":0.3814806342124939,"orthographic":false}