{"cameraMode":{"drawMode":0,"name":"Shaded","section":"Shading Mode"},"sceneLighting":false,"audioPlay":false,"sceneViewState":{"showFog":true,"showMaterialUpdate":false,"showSkybox":false,"showFlares":true,"showImageEffects":true,"showParticleSystems":true},"in2DMode":false,"pivot":{"x":5.453251838684082,"y":-0.38880300521850588,"z":-8.70030403137207},"rotation":{"x":-0.40230560302734377,"y":0.32467108964920046,"z":-0.15515965223312379,"w":-0.841825008392334},"size":11.709346771240235,"orthographic":false}