{"cameraMode":{"drawMode":0,"name":"Shaded","section":"Shading Mode"},"sceneLighting":false,"audioPlay":false,"sceneViewState":{"showFog":true,"showMaterialUpdate":false,"showSkybox":false,"showFlares":true,"showImageEffects":true,"showParticleSystems":true},"in2DMode":false,"pivot":{"x":-2.384185791015625e-7,"y":-0.009607374668121338,"z":-0.5086871981620789},"rotation":{"x":-0.3016417622566223,"y":0.5206401944160461,"z":-0.2033219188451767,"w":-0.7724056243896484},"size":2.463268756866455,"orthographic":false}