{"cameraMode":{"drawMode":0,"name":"Shaded","section":"Shading Mode"},"sceneLighting":false,"audioPlay":false,"sceneViewState":{"showFog":true,"showMaterialUpdate":false,"showSkybox":false,"showFlares":true,"showImageEffects":true,"showParticleSystems":true},"in2DMode":false,"pivot":{"x":-6.778908729553223,"y":-5.673644542694092,"z":-25.615966796875},"rotation":{"x":-0.04642105475068092,"y":-0.1670254021883011,"z":-0.007874547503888607,"w":0.9848299622535706},"size":1.9921669960021973,"orthographic":false}