{"cameraMode":{"drawMode":0,"name":"Shaded","section":"Shading Mode"},"sceneLighting":false,"audioPlay":false,"sceneViewState":{"showFog":true,"showMaterialUpdate":false,"showSkybox":false,"showFlares":true,"showImageEffects":true,"showParticleSystems":true},"in2DMode":false,"pivot":{"x":-7.331010818481445,"y":-2.993974208831787,"z":-19.990642547607423},"rotation":{"x":-0.13971400260925294,"y":0.35578426718711855,"z":-0.05388335511088371,"w":-0.9224965572357178},"size":11.709342002868653,"orthographic":false}