{"cameraMode":{"drawMode":0,"name":"Shaded","section":"Shading Mode"},"sceneLighting":false,"audioPlay":false,"sceneViewState":{"showFog":true,"showMaterialUpdate":false,"showSkybox":false,"showFlares":true,"showImageEffects":true,"showParticleSystems":true},"in2DMode":false,"pivot":{"x":-1.3189607858657838,"y":1.0571348667144776,"z":-1.8283538818359376},"rotation":{"x":0.1213996484875679,"y":0.2803267538547516,"z":-0.035767193883657458,"w":0.9515305161476135},"size":1.9074034690856934,"orthographic":false}