{"cameraMode":{"drawMode":0,"name":"Shaded","section":"Shading Mode"},"sceneLighting":false,"audioPlay":false,"sceneViewState":{"showFog":true,"showMaterialUpdate":false,"showSkybox":false,"showFlares":true,"showImageEffects":true,"showParticleSystems":true},"in2DMode":false,"pivot":{"x":0.0,"y":0.0027991700917482378,"z":9.313225746154786e-10},"rotation":{"x":-0.10959205776453018,"y":0.8893560171127319,"z":-0.2901005446910858,"w":-0.33597424626350405},"size":2.4190738201141359,"orthographic":false}