{"cameraMode":{"drawMode":0,"name":"Shaded","section":"Shading Mode"},"sceneLighting":true,"audioPlay":false,"sceneViewState":{"showFog":true,"showMaterialUpdate":false,"showSkybox":false,"showFlares":true,"showImageEffects":true,"showParticleSystems":true},"in2DMode":false,"pivot":{"x":-211.212158203125,"y":294.017822265625,"z":-73.05079650878906},"rotation":{"x":-0.3016417622566223,"y":0.5206401944160461,"z":-0.2033219188451767,"w":-0.7724056243896484},"size":368.4315490722656,"orthographic":false}