{"cameraMode":{"drawMode":0,"name":"Shaded","section":"Shading Mode"},"sceneLighting":false,"audioPlay":false,"sceneViewState":{"showFog":true,"showMaterialUpdate":false,"showSkybox":false,"showFlares":true,"showImageEffects":true,"showParticleSystems":true},"in2DMode":false,"pivot":{"x":-4.178344249725342,"y":-3.8421413898468019,"z":-20.445016860961915},"rotation":{"x":0.05084054917097092,"y":0.5486799478530884,"z":-0.033456314355134967,"w":0.833819568157196},"size":1.9074033498764039,"orthographic":false}