{"cameraMode":{"drawMode":0,"name":"Shaded","section":"Shading Mode"},"sceneLighting":false,"audioPlay":false,"sceneViewState":{"showFog":true,"showMaterialUpdate":false,"showSkybox":false,"showFlares":true,"showImageEffects":true,"showParticleSystems":true},"in2DMode":false,"pivot":{"x":0.4182977080345154,"y":0.4121748208999634,"z":-0.04650235176086426},"rotation":{"x":-0.04642105475068092,"y":-0.1670254021883011,"z":-0.007874547503888607,"w":0.9848299622535706},"size":4.109856128692627,"orthographic":false}