{"cameraMode":{"drawMode":0,"name":"Shaded","section":"Shading Mode"},"sceneLighting":false,"audioPlay":false,"sceneViewState":{"showFog":true,"showMaterialUpdate":false,"showSkybox":false,"showFlares":true,"showImageEffects":true,"showParticleSystems":true},"in2DMode":false,"pivot":{"x":-1.3836510181427003,"y":1.0058245658874512,"z":-1.9757766723632813},"rotation":{"x":0.1213996484875679,"y":0.2803267538547516,"z":-0.035767193883657458,"w":0.9515305161476135},"size":1.936606526374817,"orthographic":false}