{"cameraMode":{"drawMode":0,"name":"Shaded","section":"Shading Mode"},"sceneLighting":false,"audioPlay":false,"sceneViewState":{"m_AlwaysRefresh":false,"showFog":true,"showSkybox":false,"showFlares":true,"showImageEffects":true,"showParticleSystems":true,"showVisualEffectGraphs":true,"m_FxEnabled":true},"in2DMode":false,"pivot":{"x":-1.0375196933746338,"y":0.15222787857055665,"z":-2.0875039100646974},"rotation":{"x":-0.11342496424913407,"y":0.884093701839447,"z":-0.28340381383895876,"w":-0.35383549332618716},"size":2.463268995285034,"orthographic":false}